{
	"info": {
		"_postman_id": "1f585d71-78b0-4b8d-b8d8-9d64f639745d",
		"name": "Desafio DSMovie Jacoco",
		"schema": "https://schema.getpostman.com/json/collection/v2.1.0/collection.json",
		"_exporter_id": "26170376",
		"_collection_link": "https://dsprod.postman.co/workspace/Production-Projects~7c95c6be-f56c-4f10-b748-f666c51d05d6/collection/26170376-1f585d71-78b0-4b8d-b8d8-9d64f639745d?action=share&creator=26170376&source=collection_link"
	},
	"item": [
		{
			"name": "Auth",
			"item": [
				{
					"name": "Login",
					"event": [
						{
							"listen": "test",
							"script": {
								"exec": [
									"if (responseCode.code >= 200 && responseCode.code < 300) {\r",
									"   var json = JSON.parse(responseBody);\r",
									"   postman.setEnvironmentVariable('token', json.access_token);\r",
									"} "
								],
								"type": "text/javascript"
							}
						}
					],
					"request": {
						"auth": {
							"type": "basic",
							"basic": [
								{
									"key": "username",
									"value": "{{client-id}}",
									"type": "string"
								},
								{
									"key": "password",
									"value": "{{client-secret}}",
									"type": "string"
								},
								{
									"key": "showPassword",
									"value": false,
									"type": "boolean"
								}
							]
						},
						"method": "POST",
						"header": [],
						"body": {
							"mode": "urlencoded",
							"urlencoded": [
								{
									"key": "username",
									"value": "{{username}}",
									"type": "text"
								},
								{
									"key": "password",
									"value": "{{password}}",
									"type": "text"
								},
								{
									"key": "grant_type",
									"value": "password",
									"type": "text"
								}
							]
						},
						"url": {
							"raw": "{{host}}/oauth2/token",
							"host": [
								"{{host}}"
							],
							"path": [
								"oauth2",
								"token"
							]
						}
					},
					"response": []
				}
			]
		},
		{
			"name": "Movies",
			"item": [
				{
					"name": "Movies (public)",
					"request": {
						"auth": {
							"type": "noauth"
						},
						"method": "GET",
						"header": [
							{
								"key": "Origin",
								"value": "http://lalala.com",
								"type": "text",
								"disabled": true
							}
						],
						"url": {
							"raw": "{{host}}/movies",
							"host": [
								"{{host}}"
							],
							"path": [
								"movies"
							]
						}
					},
					"response": []
				},
				{
					"name": "Movie by Id (public)",
					"request": {
						"auth": {
							"type": "noauth"
						},
						"method": "GET",
						"header": [],
						"url": {
							"raw": "{{host}}/movies/1",
							"host": [
								"{{host}}"
							],
							"path": [
								"movies",
								"1"
							]
						}
					},
					"response": []
				},
				{
					"name": "New Movie (admin)",
					"request": {
						"auth": {
							"type": "bearer",
							"bearer": [
								{
									"key": "token",
									"value": "{{token}}",
									"type": "string"
								}
							]
						},
						"method": "POST",
						"header": [],
						"body": {
							"mode": "raw",
							"raw": "{\n    \"title\": \"Test Movie\",\n    \"score\": 0.0,\n    \"count\": 0,\n    \"image\": \"https://www.themoviedb.org/t/p/w533_and_h300_bestv2/jBJWaqoSCiARWtfV0GlqHrcdidd.jpg\"\n}",
							"options": {
								"raw": {
									"language": "json"
								}
							}
						},
						"url": {
							"raw": "{{host}}/movies",
							"host": [
								"{{host}}"
							],
							"path": [
								"movies"
							]
						}
					},
					"response": []
				},
				{
					"name": "Update Movie (admin)",
					"request": {
						"auth": {
							"type": "bearer",
							"bearer": [
								{
									"key": "token",
									"value": "{{token}}",
									"type": "string"
								}
							]
						},
						"method": "PUT",
						"header": [],
						"body": {
							"mode": "raw",
							"raw": "{\n    \"title\": \"Test Movie II\",\n    \"score\": 0.0,\n    \"count\": 0,\n    \"image\": \"https://www.themoviedb.org/t/p/w533_and_h300_bestv2/jBJWaqoSCiARWtfV0GlqHrcdidd.jpg\"\n}",
							"options": {
								"raw": {
									"language": "json"
								}
							}
						},
						"url": {
							"raw": "{{host}}/movies/30",
							"host": [
								"{{host}}"
							],
							"path": [
								"movies",
								"30"
							]
						}
					},
					"response": []
				},
				{
					"name": "Delete Movie (admin)",
					"request": {
						"auth": {
							"type": "bearer",
							"bearer": [
								{
									"key": "token",
									"value": "{{token}}",
									"type": "string"
								}
							]
						},
						"method": "DELETE",
						"header": [],
						"url": {
							"raw": "{{host}}/movies/29",
							"host": [
								"{{host}}"
							],
							"path": [
								"movies",
								"29"
							]
						}
					},
					"response": []
				}
			]
		},
		{
			"name": "Score",
			"item": [
				{
					"name": "Score (auth)",
					"request": {
						"auth": {
							"type": "bearer",
							"bearer": [
								{
									"key": "token",
									"value": "{{token}}",
									"type": "string"
								}
							]
						},
						"method": "PUT",
						"header": [],
						"body": {
							"mode": "raw",
							"raw": "{\n    \"movieId\": 1,\n    \"score\": 4\n}",
							"options": {
								"raw": {
									"language": "json"
								}
							}
						},
						"url": {
							"raw": "{{host}}/scores",
							"host": [
								"{{host}}"
							],
							"path": [
								"scores"
							]
						}
					},
					"response": []
				}
			]
		}
	],
	"event": [
		{
			"listen": "prerequest",
			"script": {
				"type": "text/javascript",
				"exec": [
					""
				]
			}
		},
		{
			"listen": "test",
			"script": {
				"type": "text/javascript",
				"exec": [
					""
				]
			}
		}
	]
}