{
	"id": "04ab375c-09cd-4853-9ffc-d2100fbbb655",
	"name": "DSMovie",
	"values": [
		{
			"key": "host",
			"value": "http://localhost:8080",
			"type": "default",
			"enabled": true
		},
		{
			"key": "client-id",
			"value": "myclientid",
			"type": "default",
			"enabled": true
		},
		{
			"key": "client-secret",
			"value": "myclientsecret",
			"type": "default",
			"enabled": true
		},
		{
			"key": "username",
			"value": "alex@gmail.com",
			"type": "default",
			"enabled": true
		},
		{
			"key": "password",
			"value": "123456",
			"type": "default",
			"enabled": true
		},
		{
			"key": "token",
			"value": "",
			"type": "default",
			"enabled": true
		}
	],
	"_postman_variable_scope": "environment",
	"_postman_exported_at": "2023-06-07T16:18:17.609Z",
	"_postman_exported_using": "Postman/10.14.9"
}